residue,amino_acid,dist_to_dna,rel_exposure,n_tumours
96,SER,23.89,0.61,0
97,VAL,22.37,0.41,1
98,PRO,22.73,0.26,0
99,SER,23.57,0.42,0
100,GLN,19.09,0.32,0
101,LYS,24.55,0.62,0
102,THR,25.27,0.58,0
103,TYR,28.76,0.37,0
104,GLN,30.24,0.44,1
105,GLY,33.05,0.14,15
106,SER,36.67,0.63,5
107,TYR,35.28,0.17,3
108,GLY,32.43,0.06,1
109,PHE,26.78,0.01,8
110,ARG,27.18,0.26,15
111,LEU,22.5,0.21,7
112,GLY,20.66,0.13,0
113,PHE,17.36,0.18,7
114,LEU,14.39,0.38,0
115,HIS,11.33,0.82,0
116,SER,7.86,0.33,0
117,GLY,8.22,0.3,0
118,THR,4.82,0.31,0
119,ALA,3.28,0.47,0
120,LYS,2.41,0.54,3
121,SER,4.96,0.31,1
122,VAL,5.25,0.15,0
123,THR,6.47,0.32,0
124,CYS,9.26,0.09,1
125,THR,10.68,0.02,6
126,TYR,13.76,0.15,13
127,SER,14.47,0.0,18
128,PRO,16.82,0.59,0
129,ALA,16.75,0.77,0
130,LEU,12.33,0.28,11
131,ASN,15.51,0.29,6
132,LYS,7.71,0.05,35
133,MET,11.26,0.0,3
134,PHE,8.42,0.0,7
135,CYS,7.39,0.0,26
136,GLN,7.89,0.15,9
137,LEU,7.88,0.23,1
138,ALA,11.2,0.37,6
139,LYS,8.32,0.36,4
140,THR,11.78,0.24,0
141,CYS,13.3,0.0,27
142,PRO,14.56,0.14,1
143,VAL,19.05,0.0,10
144,GLN,19.25,0.16,3
145,LEU,24.71,0.01,5
146,TRP,24.08,0.3,1
147,VAL,30.4,0.17,1
148,ASP,33.58,0.58,1
149,SER,35.7,0.31,0
150,THR,34.17,0.53,0
151,PRO,34.46,0.04,34
152,PRO,36.81,0.31,13
153,PRO,37.74,0.74,0
154,GLY,35.28,0.34,8
155,THR,33.15,0.03,11
156,ARG,30.08,0.19,9
157,VAL,25.99,0.01,38
158,ARG,23.96,0.12,50
159,ALA,20.67,0.0,27
160,MET,19.0,0.13,1
161,ALA,15.73,0.1,17
162,ILE,14.54,0.01,2
163,TYR,11.34,0.01,36
164,LYS,12.46,0.39,4
165,GLN,9.76,0.3,0
166,SER,14.02,0.58,0
167,GLN,10.94,0.52,0
168,HIS,9.38,0.25,5
169,MET,15.74,0.2,3
170,THR,17.38,0.51,0
171,GLU,11.66,0.34,3
172,VAL,16.05,0.22,7
173,VAL,14.18,0.07,29
174,ARG,13.52,0.34,2
175,ARG,13.16,0.07,167
176,CYS,10.79,0.02,50
177,PRO,11.58,0.48,9
178,HIS,9.34,0.51,3
179,HIS,8.16,0.24,69
180,GLU,14.6,0.26,2
181,ARG,15.55,0.7,7
182,CYS,13.26,0.49,0
183,SER,15.48,0.25,0
184,ASP,15.83,0.44,0
185,SER,18.76,0.43,0
186,ASP,21.07,0.43,0
187,GLY,23.75,0.73,2
188,LEU,24.36,0.35,0
189,ALA,20.93,0.03,0
190,PRO,19.75,0.19,8
191,PRO,17.51,0.36,1
192,GLN,17.17,0.18,1
193,HIS,16.11,0.02,64
194,LEU,11.29,0.03,23
195,ILE,15.56,0.07,38
196,ARG,16.76,0.05,3
197,VAL,20.06,0.03,6
198,GLU,13.43,0.31,0
199,GLY,18.58,0.78,5
200,ASN,21.38,0.23,0
201,LEU,24.14,0.81,0
202,ARG,26.57,0.6,0
203,VAL,24.54,0.09,1
204,GLU,25.56,0.33,2
205,TYR,21.32,0.15,32
206,LEU,24.09,0.25,0
207,ASP,23.11,0.28,0
208,ASP,26.81,0.3,4
209,ARG,29.32,0.73,2
210,ASN,27.9,0.67,0
211,THR,23.65,0.21,5
212,PHE,23.88,0.56,0
213,ARG,18.9,0.04,17
214,HIS,19.21,0.07,18
215,SER,22.34,0.02,17
216,VAL,20.57,0.01,21
217,VAL,25.15,0.01,0
218,VAL,25.8,0.01,4
219,PRO,28.37,0.2,1
220,TYR,29.82,0.09,75
221,GLU,25.87,0.57,0
222,PRO,28.67,0.44,0
223,PRO,27.68,0.26,0
224,GLU,23.78,0.63,5
225,VAL,28.4,0.89,0
226,GLY,27.18,0.77,0
227,SER,24.91,0.37,0
228,ASP,26.26,0.57,2
229,CYS,23.55,0.18,0
230,THR,23.57,0.1,1
231,THR,19.04,0.35,0
232,ILE,19.58,0.07,9
233,HIS,15.51,0.3,0
234,TYR,16.19,0.01,25
235,ASN,13.96,0.08,0
236,TYR,10.42,0.0,18
237,MET,10.63,0.06,32
238,CYS,7.37,0.01,36
239,ASN,3.83,0.23,13
240,SER,4.97,0.09,3
241,SER,2.96,0.34,42
242,CYS,6.15,0.1,23
243,MET,3.74,0.51,1
244,GLY,7.67,0.56,26
245,GLY,9.69,0.05,91
246,MET,8.14,0.01,13
247,ASN,4.45,0.36,2
248,ARG,3.38,0.62,224
249,ARG,6.31,0.14,45
250,PRO,7.34,0.27,13
251,ILE,10.66,0.01,4
252,LEU,14.19,0.07,1
253,THR,15.39,0.0,4
254,ILE,19.71,0.05,3
255,ILE,21.21,0.0,7
256,THR,25.39,0.11,2
257,LEU,28.74,0.0,5
258,GLU,29.82,0.06,11
259,ASP,34.53,0.07,11
260,SER,36.46,0.56,0
261,SER,36.59,0.54,0
262,GLY,33.66,0.35,8
263,ASN,34.26,0.51,0
264,LEU,30.07,0.37,0
265,LEU,33.34,0.14,8
266,GLY,29.25,0.0,37
267,ARG,26.08,0.12,17
268,ASN,23.02,0.13,0
269,SER,19.7,0.2,0
270,PHE,16.13,0.02,12
271,GLU,9.83,0.09,19
272,VAL,10.13,0.02,28
273,ARG,2.53,0.3,267
274,VAL,4.04,0.02,15
275,CYS,3.65,0.06,35
276,ALA,3.03,0.49,7
277,CYS,3.24,0.11,8
278,PRO,7.0,0.0,47
279,GLY,7.54,0.0,8
280,ARG,2.82,0.4,49
281,ASP,4.51,0.11,27
282,ARG,9.84,0.12,89
283,ARG,3.53,0.39,9
284,THR,5.82,0.35,0
285,GLU,7.15,0.21,29
286,GLU,10.0,0.29,28
287,GLU,6.69,0.54,4
288,ASN,5.8,0.51,0
289,LEU,10.89,0.92,1
